,variant,n_variables,depth,total_fidelity,compilation_time,n_1q_gate,n_2q_gate,execution_time
0,a,20,1,0.45716596152068373,1.7715981006622314,540,368,0.0829916999999999
1,b,20,1,0.4779877799261896,1.2954449653625488,509,344,0.08239129999999992
2,c,20,1,0.46426851345633924,1.4467101097106934,538,364,0.08058759999999994
3,d,20,1,0.4347363047365201,1.392352819442749,559,377,0.08539729999999986
4,e,20,1,0.483451366223816,1.4463212490081787,511,351,0.07998469999999995
