,n_variables,qaoa_depth,compile_time,execution_time,eps
0,3.0,1.0,0.12812161445617676,69.2756196840009,0.9463445500514504
