,n_variables,qaoa_depth,1q_gates,2q_gates,compile_time,execution_time,eps
0,3.0,1.0,7.5,5.0,0.13402247428894043,69.2756196840009,0.9463445500514504
